BC8_BioRED_Task1_Doc500,D008133,p|SUB|V|1763|M,Positive_Correlation,Novel
BC8_BioRED_Task1_Doc500,D001919,6331,Association,Novel
BC8_BioRED_Task1_Doc500,D001145,c|SUB|G|CODON1763|A,Positive_Correlation,Novel
BC8_BioRED_Task1_Doc500,D008801,D001145,Negative_Correlation,Novel
BC8_BioRED_Task1_Doc500,D008133,p|SUB|V||M,Association,Novel
BC8_BioRED_Task1_Doc500,D001145,p|SUB|V|1763|M,Association,Novel
BC8_BioRED_Task1_Doc500,D008133,c|SUB|G|CODON1763|A,Positive_Correlation,Novel
BC8_BioRED_Task1_Doc500,D008133,p|SUB|V|1764|M,Positive_Correlation,No
BC8_BioRED_Task1_Doc500,D001145,6331,Association,Novel
BC8_BioRED_Task1_Doc500,D013779,c|SUB|G|CODON1763|A,Positive_Correlation,Novel
BC8_BioRED_Task1_Doc500,D008012,D054537,Negative_Correlation,No
BC8_BioRED_Task1_Doc500,D012964,D008133,Association,No
BC8_BioRED_Task1_Doc500,D013610,p|SUB|V||M,Positive_Correlation,Novel
BC8_BioRED_Task1_Doc500,D008801,D008133,Negative_Correlation,Novel
BC8_BioRED_Task1_Doc500,D001919,c|SUB|G|CODON1763|A,Positive_Correlation,Novel
BC8_BioRED_Task1_Doc500,D008133,6331,Association,Novel
BC8_BioRED_Task1_Doc500,D008801,D054537,Negative_Correlation,No
BC8_BioRED_Task1_Doc500,D008012,D001145,Negative_Correlation,Novel
BC8_BioRED_Task1_Doc500,D001919,p|SUB|V||M,Positive_Correlation,Novel
BC8_BioRED_Task1_Doc500,D013610,p|SUB|I|1762|A,Positive_Correlation,Novel
BC8_BioRED_Task1_Doc500,D008133,p|SUB|I|1762|A,Positive_Correlation,No
BC8_BioRED_Task1_Doc500,D008801,D017180,Negative_Correlation,No
BC8_BioRED_Task1_Doc500,D013610,c|SUB|G|CODON1763|A,Positive_Correlation,Novel
BC8_BioRED_Task1_Doc500,D008012,D008133,Negative_Correlation,No
BC8_BioRED_Task1_Doc500,D013610,6331,Association,Novel
BC8_BioRED_Task1_Doc501,D019966,rs1799971,Positive_Correlation,No
BC8_BioRED_Task1_Doc501,D010146,4988,Association,No
BC8_BioRED_Task1_Doc501,D019966,4988,Association,No
BC8_BioRED_Task1_Doc502,D066126,rs1056892,Positive_Correlation,Novel
BC8_BioRED_Task1_Doc502,D018943,874,Association,Novel
BC8_BioRED_Task1_Doc502,D018943,D009369,Positive_Correlation,No
BC8_BioRED_Task1_Doc502,C010013,D066126,Positive_Correlation,No
BC8_BioRED_Task1_Doc502,D006333,rs1056892,Positive_Correlation,Novel
BC8_BioRED_Task1_Doc502,C010013,rs1056892,Positive_Correlation,Novel
BC8_BioRED_Task1_Doc502,D018943,1728,Association,Novel
BC8_BioRED_Task1_Doc502,D006333,874,Association,Novel
BC8_BioRED_Task1_Doc502,D066126,874,Association,Novel
BC8_BioRED_Task1_Doc502,C010013,874,Association,Novel
BC8_BioRED_Task1_Doc502,D004317,874,Association,Novel
BC8_BioRED_Task1_Doc502,D018943,D004317,Association,No
BC8_BioRED_Task1_Doc502,D018943,D006333,Positive_Correlation,No
BC8_BioRED_Task1_Doc502,D006333,1728,Association,Novel
BC8_BioRED_Task1_Doc502,D009369,1728,Association,No
BC8_BioRED_Task1_Doc503,D008790,D007008,Negative_Correlation,Novel
BC8_BioRED_Task1_Doc503,D008790,154,Negative_Correlation,No
BC8_BioRED_Task1_Doc503,D003647,D008790,Association,No
BC8_BioRED_Task1_Doc503,D008790,D013034,Association,No
BC8_BioRED_Task1_Doc503,D008790,153,Negative_Correlation,No
BC8_BioRED_Task1_Doc503,D013726,D007008,Positive_Correlation,No
BC8_BioRED_Task1_Doc503,D008790,D013726,Negative_Correlation,Novel
BC8_BioRED_Task1_Doc504,D006973,1716,Association,Novel
BC8_BioRED_Task1_Doc504,C580039,c|SUB|C|444-62|A,Positive_Correlation,Novel
BC8_BioRED_Task1_Doc504,D028361,c|SUB|C|444-62|A,Association,Novel
BC8_BioRED_Task1_Doc504,D028361,1716,Association,No
BC8_BioRED_Task1_Doc504,C580039,1716,Association,No
BC8_BioRED_Task1_Doc504,D003853,C580039,Association,No
BC8_BioRED_Task1_Doc505,D001321,rs2236624,Positive_Correlation,Novel
BC8_BioRED_Task1_Doc505,D000067877,rs3761422,Association,Novel
BC8_BioRED_Task1_Doc505,D000067877,rs5751876,Association,Novel
BC8_BioRED_Task1_Doc505,D000067877,rs35320474,Association,Novel
BC8_BioRED_Task1_Doc505,D000067877,rs2236624,Association,Novel
BC8_BioRED_Task1_Doc505,D001008,135,Association,Novel
BC8_BioRED_Task1_Doc505,D001321,135,Association,Novel
BC8_BioRED_Task1_Doc505,D000067877,135,Association,Novel
BC8_BioRED_Task1_Doc505,D016584,135,Association,No
BC8_BioRED_Task1_Doc506,D014766,p|SUB|M|204|V,Association,Novel
BC8_BioRED_Task1_Doc506,D019259,D015658,Negative_Correlation,No
BC8_BioRED_Task1_Doc506,D019259,D006509,Negative_Correlation,No
BC8_BioRED_Task1_Doc506,D019259,D000068698,Cotreatment,No
BC8_BioRED_Task1_Doc506,D019259,D014766,Association,No
BC8_BioRED_Task1_Doc506,D014766,p|SUB|L|180|M,Association,Novel
BC8_BioRED_Task1_Doc507,D008382,p|SUB|S|1235|P,Positive_Correlation,Novel
BC8_BioRED_Task1_Doc507,D002118,1956,Association,No
BC8_BioRED_Task1_Doc507,D008382,2200,Association,Novel
BC8_BioRED_Task1_Doc507,D008382,c|SUB|T|3703|C,Positive_Correlation,Novel